{
	"ID": "9d5e29604efb16eff6b815aa4a110227",
	"TypeName": "FlaxEditor.Content.Settings.NavigationSettings",
	"EngineBuild": 6222,
	"Data": {
	"AutoAddMissingNavMeshes": true,
	"AutoRemoveMissingNavMeshes": true,
	"CellHeight": 10.0,
	"CellSize": 30.0,
	"TileSize": 64,
	"MinRegionArea": 0,
	"MergeRegionArea": 20,
	"MaxEdgeLen": 1200.0,
	"MaxEdgeError": 1.3,
	"DetailSamplingDist": 600.0,
	"MaxDetailSamplingError": 1.0,
	"NavMeshes": [
		{
			"Name": "Default",
			"Color": {
				"R": 0.0,
				"G": 0.5019608,
				"B": 0.0,
				"A": 1.0
			},
			"Rotation": {
				"X": 0.0,
				"Y": 0.0,
				"Z": 0.0,
				"W": 1.0
			},
			"Agent": {
				"Radius": 34.0,
				"Height": 144.0,
				"StepHeight": 35.0,
				"MaxSlopeAngle": 60.0
			},
			"DefaultQueryExtent": {
				"X": 50.0,
				"Y": 250.0,
				"Z": 50.0
			}
		}
	],
	"NavAreas": [
		{
			"Name": "Null",
			"Color": {
				"R": 0.0,
				"G": 0.0,
				"B": 0.0,
				"A": 0.0
			},
			"Id": 0,
			"Cost": 3.40282347E+38
		},
		{
			"Name": "Walkable",
			"Color": {
				"R": 0.0,
				"G": 0.0,
				"B": 0.0,
				"A": 0.0
			},
			"Id": 63,
			"Cost": 1.0
		}
	]
}
}