{
	"ID": "9eba3d2a4cee4c099117f49c5dffc171",
	"TypeName": "FlaxEditor.Content.Settings.GameSettings",
	"EngineBuild": 6401,
	"Data": {
	"ProductName": "My Game",
	"CompanyName": "My Company",
	"CopyrightNotice": null,
	"Icon": null,
	"FirstScene": "74a68a984824b4510d12589f199ad68f",
	"NoSplashScreen": false,
	"SplashScreen": null,
	"Time": "9acd18b0496064d35799f390d3a2b374",
	"Audio": "fc8ef1bb474956920c5505b7ea7ea9ff",
	"LayersAndTags": "bb6fbecf458db0ecffa5e2a5155b2b4f",
	"Physics": "7871f0364d398555ccd9e297acdc8983",
	"Input": "f4c1c67842f6b745a6976aa8e7eff360",
	"Graphics": "4eaf325e4cd72aa4cdeb6393cad05466",
	"Network": "6cc37d0a461719f34ba45090225e85f0",
	"Navigation": "9d5e29604efb16eff6b815aa4a110227",
	"Localization": "637df29742f82fb9f2706da6d51d5ef9",
	"GameCooking": "2364031e4e327637c1ad88b415fa756e",
	"Streaming": "032ffca740c9d866409f84b148390543",
	"CustomSettings": null,
	"WindowsPlatform": "79ac390447f4263e30f56e9190a70dbc",
	"UWPPlatform": "8660bbf44f1ea61cb9bc4580b3631973",
	"LinuxPlatform": "1bf4eedd41508974d6646e8faa55420a",
	"PS4Platform": null,
	"XboxOnePlatform": null,
	"XboxScarlettPlatform": null,
	"AndroidPlatform": "f815fa4140740ea170371b83471ed9f3",
	"SwitchPlatform": null,
	"PS5Platform": null,
	"MacPlatform": "c781c32b43f9bdfa520340a7b52ee615",
	"iOSPlatform": "ae21da2b4ef20d43222715a13e3bd70a"
}
}